image,short_description,section_name
image1.jpg,Innovative workspace fostering creativity and collaboration,about
image2.jpg,Looking ahead to a future of sustainable innovation,vision
image3.jpg,Committed to excellence and integrity in every step,mission
image4.jpg,Strategic roadmap to achieve measurable milestones,objectives
image5.jpg,Comprehensive digital transformation consulting,services
image6.jpg,Global partner network and authorized representation,representation
image7.jpg,Client success story: increased efficiency by 40%,testimonials
image8.jpg,Our diverse and passionate team at work,about
image9.jpg,Visualizing breakthrough technologies,vision
image10.jpg,Dedication to community and stakeholder value,mission
image11.jpg,Quarterly objectives and KPI tracking,objectives
image12.jpg,Cloud solutions and IT infrastructure services,services
image13.jpg,Official representation in emerging markets,representation
image14.jpg,"Amazing partnership experience, highly recommended!",testimonials
image15.jpg,Modern office environment and culture,about
image16.jpg,Expanding horizons globally by 2030,vision
image17.jpg,Empowering through knowledge and training,mission
image18.jpg,Measurable growth and sustainability goals,objectives
image19.jpg,Custom software development and AI integration,services
image20.jpg,Trusted industry representation since 2015,representation
image21.jpg,"Game-changer solution, exceeded expectations!",testimonials